Italian Phrase,Russian Phonetic Transcription,Russian Translation,"Example Sentences",Russian Translation of Examples
lunedì,[лунэди́],понедельник,"Oggi è lunedì.
Lunedì vado al lavoro.
Il lunedì studio italiano.
Lunedì mattina bevo caffè.
Mi piace il lunedì.
Lunedì è il primo giorno.
Lunedì ho lezione.
Domani è lunedì.
Lunedì vado in città.
Non lavoro di lunedì.","Сегодня понедельник.
В понедельник я иду на работу.
По понедельникам я изучаю итальянский.
В понедельник утром я пью кофе.
Мне нравится понедельник.
Понедельник — первый день.
В понедельник у меня урок.
Завтра понедельник.
В понедельник я еду в город.
Я не работаю по понедельникам."
martedì,[мартэди́],вторник,"Oggi è martedì.
Martedì ho lezione.
Il martedì lavoro molto.
Martedì studio a casa.
Mi piace il martedì.
Martedì mangio pasta.
Domani è martedì.
Martedì bevo un caffè.
Il martedì vado a scuola.
Martedì è un buon giorno.","Сегодня вторник.
Во вторник у меня урок.
По вторникам я много работаю.
Во вторник я занимаюсь дома.
Мне нравится вторник.
Во вторник я ем пасту.
Завтра вторник.
Во вторник я пью кофе.
По вторникам я хожу в школу.
Вторник — хороший день."
mercoledì,[мэрколэ́ди],среда,"Oggi è mercoledì.
Mercoledì è il terzo giorno.
Il mercoledì mangio pizza.
Mercoledì torno a casa.
Mi piace il mercoledì.
Mercoledì ho appuntamento.
Domani è mercoledì.
Mercoledì studio italiano.
Il mercoledì bevo caffè.
Mercoledì vado al parco.","Сегодня среда.
Среда — третий день.
По средам я ем пиццу.
В среду я возвращаюсь домой.
Мне нравится среда.
В среду у меня встреча.
Завтра среда.
В среду я изучаю итальянский.
По средам я пью кофе.
В среду я иду в парк."
giovedì,[джовэ́ди],четверг,"Oggi è giovedì.
Giovedì ho una riunione.
Il giovedì bevo caffè.
Giovedì vado al cinema.
Mi piace il giovedì.
Giovedì è un bel giorno.
Domani è giovedì.
Giovedì studio molto.
Il giovedì mangio gelato.
Giovedì torno presto.","Сегодня четверг.
В четверг у меня собрание.
По четвергам я пью кофе.
В четверг я иду в кино.
Мне нравится четверг.
Четверг — хороший день.
Завтра четверг.
В четверг я много занимаюсь.
По четвергам я ем мороженое.
В четверг я возвращаюсь рано."
venerdì,[вэнэрди́],пятница,"Oggi è venerdì.
Venerdì è l’ultimo giorno di lavoro.
Il venerdì esco con amici.
Venerdì vado in città.
Mi piace il venerdì.
Venerdì mangio pesce.
Domani è venerdì.
Venerdì bevo birra.
Il venerdì è bello.
Venerdì ho vacanza.","Сегодня пятница.
Пятница — последний рабочий день.
По пятницам я выхожу с друзьями.
В пятницу я еду в город.
Мне нравится пятница.
В пятницу я ем рыбу.
Завтра пятница.
В пятницу я пью пиво.
Пятница — хороший день.
В пятницу у меня выходной."
sabato,[са́бато],суббота,"Oggi è sabato.
Sabato riposo a casa.
Il sabato dormo tanto.
Sabato mangio gelato.
Mi piace il sabato.
Sabato vado al mare.
Domani è sabato.
Sabato studio poco.
Il sabato è giorno libero.
Sabato vedo amici.","Сегодня суббота.
В субботу я отдыхаю дома.
По субботам я много сплю.
В субботу я ем мороженое.
Мне нравится суббота.
В субботу я еду на море.
Завтра суббота.
В субботу я мало занимаюсь.
Суббота — свободный день.
В субботу я вижу друзей."
domenica,[домэ́ника],воскресенье,"Oggi è domenica.
Domenica vado al parco.
La domenica è giorno di riposo.
Domenica leggo un libro.
Mi piace la domenica.
Domenica mangio a casa.
Domani è domenica.
Domenica bevo tè.
La domenica è bella.
Domenica ho tempo libero.","Сегодня воскресенье.
В воскресенье я иду в парк.
Воскресенье — день отдыха.
В воскресенье я читаю книгу.
Мне нравится воскресенье.
В воскресенье я ем дома.
Завтра воскресенье.
В воскресенье я пью чай.
Воскресенье — хороший день.
В воскресенье у меня свободное время."
